Sample in Buffer,Sample in Window,TRIGGER,mipi_phy_inst/lane1_byte_data[7:0],mipi_phy_inst/lane0_byte_data[7:0]
Radix - UNSIGNED,UNSIGNED,UNSIGNED,HEX,HEX
0,0,0,ff,ff
1,1,0,ff,ff
2,2,0,ff,ff
3,3,0,ff,ff
4,4,0,0,0f
5,5,0,0,0
6,6,0,0,0
7,7,0,0,0
8,8,0,0,0
9,9,0,0,0
10,10,0,ff,e0
11,11,0,3f,ff
12,12,0,0,3
13,13,0,0,0
14,14,0,0,0
15,15,0,0,0
16,16,0,0,0
17,17,0,ae,e0
18,18,0,68,0e
19,19,0,c5,0
20,20,0,ff,fc
21,21,0,ff,ff
22,22,0,ff,ff
23,23,0,ff,ff
24,24,0,ff,fd
25,25,0,ff,ff
26,26,0,ff,ff
27,27,0,ff,ff
28,28,0,ff,ff
29,29,0,ff,ff
30,30,0,ff,ff
31,31,0,ff,ff
32,32,0,ff,ff
33,33,0,ff,ff
34,34,0,ff,ff
35,35,0,ff,ff
36,36,0,ff,ff
37,37,0,ff,ff
38,38,0,ff,ff
39,39,0,ff,ff
40,40,0,ff,ff
41,41,0,ff,ff
42,42,0,ff,ff
43,43,0,ff,ff
44,44,0,ff,ff
45,45,0,ff,ff
46,46,0,ff,ff
47,47,0,ff,ff
48,48,0,ff,ff
49,49,0,ff,ff
50,50,0,ff,ff
51,51,0,ff,ff
52,52,0,ff,ff
53,53,0,ff,ff
54,54,0,ff,ff
55,55,0,ff,ff
56,56,0,ff,ff
57,57,0,ff,ff
58,58,0,ff,ff
59,59,0,ff,ff
60,60,0,ff,ff
61,61,0,ff,ff
62,62,0,ff,ff
63,63,0,ff,ff
64,64,0,ff,ff
65,65,0,ff,ff
66,66,0,ff,ff
67,67,0,ff,ff
68,68,0,ff,ff
69,69,0,ff,ff
70,70,0,ff,ff
71,71,0,ff,ff
72,72,0,ff,ff
73,73,0,ff,ff
74,74,0,ff,ff
75,75,0,ff,ff
76,76,0,ff,ff
77,77,0,ff,ff
78,78,0,ff,ff
79,79,0,ff,ff
80,80,0,ff,ff
81,81,0,ff,ff
82,82,0,ff,ff
83,83,0,ff,ff
84,84,0,ff,ff
85,85,0,ff,ff
86,86,0,ff,ff
87,87,0,ff,ff
88,88,0,ff,ff
89,89,0,ff,ff
90,90,0,ff,ff
91,91,0,ff,ff
92,92,0,ff,ff
93,93,0,ff,ff
94,94,0,ff,ff
95,95,0,ff,ff
96,96,0,ff,ff
97,97,0,ff,ff
98,98,0,ff,ff
99,99,0,ff,ff
100,100,0,ff,ff
101,101,0,ff,ff
102,102,0,ff,ff
103,103,0,ff,ff
104,104,0,ff,ff
105,105,0,ff,ff
106,106,0,ff,ff
107,107,0,ff,ff
108,108,0,ff,ff
109,109,0,ff,ff
110,110,0,ff,ff
111,111,0,ff,ff
112,112,0,ff,ff
113,113,0,ff,ff
114,114,0,ff,ff
115,115,0,ff,ff
116,116,0,ff,ff
117,117,0,ff,ff
118,118,0,ff,ff
119,119,0,ff,ff
120,120,0,ff,ff
121,121,0,ff,ff
122,122,0,ff,ff
123,123,0,ff,ff
124,124,0,ff,ff
125,125,0,ff,ff
126,126,0,ff,ff
127,127,0,ff,ff
128,128,0,ff,ff
129,129,0,ff,ff
130,130,0,ff,ff
131,131,0,ff,ff
132,132,0,ff,ff
133,133,0,ff,ff
134,134,0,ff,ff
135,135,0,ff,ff
136,136,0,ff,ff
137,137,0,ff,ff
138,138,0,ff,ff
139,139,0,ff,ff
140,140,0,ff,ff
141,141,0,ff,ff
142,142,0,ff,ff
143,143,0,ff,ff
144,144,0,ff,ff
145,145,0,ff,ff
146,146,0,ff,ff
147,147,0,ff,ff
148,148,0,ff,ff
149,149,0,ff,ff
150,150,0,ff,ff
151,151,0,ff,ff
152,152,0,ff,ff
153,153,0,ff,ff
154,154,0,ff,ff
155,155,0,ff,ff
156,156,0,ff,ff
157,157,0,ff,ff
158,158,0,ff,ff
159,159,0,ff,ff
160,160,0,ff,ff
161,161,0,ff,ff
162,162,0,ff,ff
163,163,0,ff,ff
164,164,0,ff,ff
165,165,0,ff,ff
166,166,0,ff,ff
167,167,0,ff,ff
168,168,0,ff,ff
169,169,0,ff,ff
170,170,0,ff,ff
171,171,0,ff,ff
172,172,0,ff,ff
173,173,0,ff,ff
174,174,0,ff,ff
175,175,0,ff,ff
176,176,0,ff,ff
177,177,0,ff,ff
178,178,0,ff,ff
179,179,0,ff,ff
180,180,0,ff,ff
181,181,0,ff,ff
182,182,0,ff,ff
183,183,0,ff,ff
184,184,0,ff,ff
185,185,0,ff,ff
186,186,0,ff,ff
187,187,0,ff,ff
188,188,0,ff,ff
189,189,0,ff,ff
190,190,0,ff,ff
191,191,0,ff,ff
192,192,0,ff,ff
193,193,0,ff,ff
194,194,0,ff,ff
195,195,0,ff,ff
196,196,0,ff,ff
197,197,0,ff,ff
198,198,0,ff,ff
199,199,0,ff,ff
200,200,0,ff,ff
201,201,0,ff,ff
202,202,0,ff,ff
203,203,0,ff,ff
204,204,0,ff,ff
205,205,0,ff,ff
206,206,0,ff,ff
207,207,0,ff,ff
208,208,0,ff,ff
209,209,0,ff,ff
210,210,0,ff,ff
211,211,0,ff,ff
212,212,0,ff,ff
213,213,0,ff,ff
214,214,0,ff,ff
215,215,0,ff,ff
216,216,0,ff,ff
217,217,0,ff,ff
218,218,0,ff,ff
219,219,0,ff,ff
220,220,0,ff,ff
221,221,0,ff,ff
222,222,0,ff,ff
223,223,0,ff,ff
224,224,0,ff,ff
225,225,0,ff,ff
226,226,0,ff,ff
227,227,0,ff,ff
228,228,0,ff,ff
229,229,0,ff,ff
230,230,0,ff,ff
231,231,0,ff,ff
232,232,0,ff,ff
233,233,0,ff,ff
234,234,0,ff,ff
235,235,0,ff,ff
236,236,0,ff,ff
237,237,0,ff,ff
238,238,0,ff,ff
239,239,0,ff,ff
240,240,0,ff,ff
241,241,0,ff,ff
242,242,0,ff,ff
243,243,0,ff,ff
244,244,0,ff,ff
245,245,0,ff,ff
246,246,0,ff,ff
247,247,0,ff,ff
248,248,0,ff,ff
249,249,0,ff,ff
250,250,0,ff,ff
251,251,0,ff,ff
252,252,0,ff,ff
253,253,0,ff,ff
254,254,0,ff,ff
255,255,0,ff,ff
256,256,0,ff,ff
257,257,0,ff,ff
258,258,0,ff,ff
259,259,0,ff,ff
260,260,0,ff,ff
261,261,0,ff,ff
262,262,0,ff,ff
263,263,0,ff,ff
264,264,0,ff,ff
265,265,0,ff,ff
266,266,0,ff,ff
267,267,0,ff,ff
268,268,0,ff,ff
269,269,0,ff,ff
270,270,0,ff,ff
271,271,0,ff,ff
272,272,0,ff,ff
273,273,0,ff,ff
274,274,0,ff,ff
275,275,0,ff,ff
276,276,0,ff,ff
277,277,0,ff,ff
278,278,0,ff,ff
279,279,0,ff,ff
280,280,0,ff,ff
281,281,0,ff,ff
282,282,0,ff,ff
283,283,0,ff,ff
284,284,0,ff,ff
285,285,0,ff,ff
286,286,0,ff,ff
287,287,0,ff,ff
288,288,0,ff,ff
289,289,0,ff,ff
290,290,0,ff,ff
291,291,0,ff,ff
292,292,0,ff,ff
293,293,0,ff,ff
294,294,0,ff,ff
295,295,0,ff,ff
296,296,0,ff,ff
297,297,0,ff,ff
298,298,0,ff,ff
299,299,0,ff,ff
300,300,0,ff,ff
301,301,0,ff,ff
302,302,0,ff,ff
303,303,0,ff,ff
304,304,0,ff,ff
305,305,0,ff,ff
306,306,0,ff,ff
307,307,0,ff,ff
308,308,0,ff,ff
309,309,0,ff,ff
310,310,0,7f,ff
311,311,0,0,7
312,312,0,0,0
313,313,0,0,0
314,314,0,0,0
315,315,0,0,0
316,316,0,fc,80
317,317,0,ff,ff
318,318,0,0,0f
319,319,0,0,0
320,320,0,0,0
321,321,0,0,0
322,322,0,0,0
323,323,0,b8,80
324,324,0,a3,2b
325,325,0,8,0
326,326,0,ff,f0
327,327,0,ff,ff
328,328,0,ff,ff
329,329,0,ff,ff
330,330,0,ff,f7
331,331,0,ff,ff
332,332,0,ff,ff
333,333,0,ff,ff
334,334,0,ff,ff
335,335,0,ff,ff
336,336,0,ff,ff
337,337,0,ff,ff
338,338,0,7,7f
339,339,0,0,0
340,340,0,0,0
341,341,0,0,0
342,342,0,0,0
343,343,0,c0,0
344,344,0,ff,f8
345,345,0,0f,ff
346,346,0,0,0
347,347,0,0,0
348,348,0,0,0
349,349,0,0,0
350,350,0,80,0
351,351,0,0b,b8
352,352,0,d6,2b
353,353,0,c1,9
354,354,0,20,3
355,355,0,51,4
356,356,0,50,f0
357,357,0,70,14
358,358,0,5e,0e
359,359,0,e1,8
360,360,0,a0,5
361,361,0,a0,67
362,362,0,60,11
363,363,0,43,15
364,364,0,a1,5
365,365,0,f1,9
366,366,0,d1,b2
367,367,0,1,28
368,368,0,d3,2f
369,369,0,73,28
370,370,0,4,2c
371,371,0,f4,12
372,372,0,93,3b
373,373,0,de,3e
374,374,0,c3,33
375,375,0,33,3c
376,376,0,83,4b
377,377,0,b3,45
378,378,0,54,3e
379,379,0,e4,38
380,380,0,93,3d
381,381,0,83,a4
382,382,0,33,41
383,383,0,dc,46
384,384,0,93,3d
385,385,0,84,47
386,386,0,a3,8e
387,387,0,23,3c
388,388,0,36,37
389,389,0,24,39
390,390,0,24,4b
391,391,0,f4,4b
392,392,0,63,42
393,393,0,e1,46
394,394,0,23,3b
395,395,0,b4,32
396,396,0,53,40
397,397,0,83,43
398,398,0,31,4d
399,399,0,44,41
400,400,0,4,38
401,401,0,74,4f
402,402,0,84,3f
403,403,0,4a,42
404,404,0,34,3e
405,405,0,44,36
406,406,0,d4,a5
407,407,0,a3,3b
408,408,0,18,47
409,409,0,84,42
410,410,0,64,3e
411,411,0,e3,d8
412,412,0,e3,37
413,413,0,73,43
414,414,0,f4,3b
415,415,0,93,3c
416,416,0,83,1
417,417,0,83,47
418,418,0,d6,43
419,419,0,e4,40
420,420,0,f3,40
421,421,0,33,1
422,422,0,a4,4d
423,423,0,cd,3d
424,424,0,63,3f
425,425,0,d3,40
426,426,0,13,85
427,427,0,34,43
428,428,0,a9,3d
429,429,0,c3,3f
430,430,0,3,46
431,431,0,14,2e
432,432,0,4,38
433,433,0,5c,48
434,434,0,84,40
435,435,0,54,3f
436,436,0,24,3f
437,437,0,f4,45
438,438,0,8c,46
439,439,0,23,46
440,440,0,c4,45
441,441,0,e3,c0
442,442,0,44,4b
443,443,0,90,47
444,444,0,44,43
445,445,0,44,44
446,446,0,24,26
447,447,0,c4,44
448,448,0,1d,48
449,449,0,f4,41
450,450,0,43,3b
451,451,0,44,8c
452,452,0,93,40
453,453,0,6a,47
454,454,0,93,43
455,455,0,4,39
456,456,0,c4,fb
457,457,0,43,3f
458,458,0,f1,43
459,459,0,43,41
460,460,0,54,3c
461,461,0,44,13
462,462,0,74,43
463,463,0,ee,48
464,464,0,3,34
465,465,0,f4,2c
466,466,0,22,68
467,467,0,63,49
468,468,0,23,47
469,469,0,d4,40
470,470,0,73,3b
471,471,0,d3,37
472,472,0,43,3f
473,473,0,20,44
474,474,0,94,3a
475,475,0,d4,3f
476,476,0,73,11
477,477,0,e3,44
478,478,0,63,40
479,479,0,24,41
480,480,0,d4,3d
481,481,0,e3,b8
482,482,0,a3,4a
483,483,0,6d,45
484,484,0,4,40
485,485,0,54,3f
486,486,0,93,27
487,487,0,63,3d
488,488,0,67,3e
489,489,0,44,3b
490,490,0,a4,37
491,491,0,f3,95
492,492,0,d2,3a
493,493,0,2f,3e
494,494,0,83,2e
495,495,0,3,31
496,496,0,a2,2c
497,497,0,42,2c
498,498,0,0e,30
499,499,0,73,31
500,500,0,63,2b
501,501,0,d3,fe
502,502,0,83,3f
503,503,0,6f,3f
504,504,0,24,2f
505,505,0,c4,3c
506,506,0,53,0e
507,507,0,b4,42
508,508,0,1d,41
509,509,0,94,33
510,510,0,34,43
511,511,0,4,5c
512,512,0,64,48
513,513,0,cb,43
514,514,0,54,44
515,515,0,b4,48
516,516,0,e3,1a
517,517,0,43,4c
518,518,0,9d,4b
519,519,0,74,3f
520,520,0,a4,3e
521,521,0,3,9d
522,522,0,d4,3e
523,523,0,85,46
524,524,0,a4,41
525,525,0,34,47
526,526,0,b4,37
527,527,0,93,44
528,528,0,50,45
529,529,0,f4,38
530,530,0,c3,3e
531,531,0,e3,3a
532,532,0,d3,42
533,533,0,cd,43
534,534,0,e4,37
535,535,0,e3,3d
536,536,0,23,7b
537,537,0,f4,3b
538,538,0,c0,4c
539,539,0,64,3e
540,540,0,f4,45
541,541,0,93,56
542,542,0,23,47
543,543,0,c6,42
544,544,0,44,35
545,545,0,44,4c
546,546,0,a4,39
547,547,0,3,4a
548,548,0,ca,45
549,549,0,94,49
550,550,0,54,45
551,551,0,e3,0
552,552,0,a3,39
553,553,0,52,4b
554,554,0,b4,3e
555,555,0,63,3c
556,556,0,44,3f
557,557,0,64,45
558,558,0,df,49
559,559,0,54,42
560,560,0,e4,3f
561,561,0,63,fe
562,562,0,84,47
563,563,0,52,40
564,564,0,34,44
565,565,0,84,49
566,566,0,94,0d
567,567,0,14,49
568,568,0,40,48
569,569,0,b4,41
570,570,0,d4,44
571,571,0,d3,93
572,572,0,73,42
573,573,0,d3,3f
574,574,0,c4,3a
575,575,0,c4,3b
576,576,0,83,4e
577,577,0,34,52
578,578,0,5,45
579,579,0,b4,4b
580,580,0,74,40
581,581,0,c3,7c
582,582,0,43,4e
583,583,0,39,44
584,584,0,14,3e
585,585,0,e4,39
586,586,0,c3,0d
587,587,0,a3,4d
588,588,0,f6,46
589,589,0,24,44
590,590,0,44,3a
591,591,0,43,59
592,592,0,34,47
593,593,0,26,42
594,594,0,84,3e
595,595,0,c4,41
596,596,0,c3,fd
597,597,0,d3,46
598,598,0,68,45
599,599,0,24,3c
600,600,0,b5,48
601,601,0,e3,5b
602,602,0,3,45
603,603,0,6b,4b
604,604,0,b4,3d
605,605,0,44,3b
606,606,0,93,d2
607,607,0,23,42
608,608,0,36,44
609,609,0,34,3c
610,610,0,14,33
611,611,0,b4,98
612,612,0,43,49
613,613,0,a9,3e
614,614,0,94,3f
615,615,0,4,3a
616,616,0,24,b9
617,617,0,c4,4e
618,618,0,3a,3f
619,619,0,a4,3e
620,620,0,63,30
621,621,0,f2,13
622,622,0,32,3c
623,623,0,d0,40
624,624,0,83,34
625,625,0,23,32
626,626,0,e3,fc
627,627,0,82,36
628,628,0,0f,34
629,629,0,84,38
630,630,0,a3,33
631,631,0,43,7a
632,632,0,e3,43
633,633,0,38,47
634,634,0,74,39
635,635,0,c4,3b
636,636,0,13,ff
637,637,0,f4,43
638,638,0,71,44
639,639,0,a4,3e
640,640,0,f4,3c
641,641,0,82,6
642,642,0,23,46
643,643,0,ce,4b
644,644,0,84,3b
645,645,0,54,33
646,646,0,e4,80
647,647,0,93,41
648,648,0,6f,48
649,649,0,e4,41
650,650,0,64,44
651,651,0,64,9b
652,652,0,f4,45
653,653,0,d4,49
654,654,0,d4,45
655,655,0,b4,40
656,656,0,a3,b5
657,657,0,b4,42
658,658,0,5b,4a
659,659,0,54,3c
660,660,0,14,3d
661,661,0,e4,38
662,662,0,d3,47
663,663,0,f1,49
664,664,0,e3,3d
665,665,0,64,3f
666,666,0,f4,27
667,667,0,a3,4b
668,668,0,d6,4b
669,669,0,74,3e
670,670,0,b4,3b
671,671,0,43,3e
672,672,0,b4,4b
673,673,0,dc,4c
674,674,0,d4,3c
675,675,0,a4,42
676,676,0,23,43
677,677,0,24,4e
678,678,0,8c,4e
679,679,0,54,3f
680,680,0,4,38
681,681,0,a4,3d
682,682,0,13,42
683,683,0,42,42
684,684,0,c4,3d
685,685,0,54,47
686,686,0,23,8f
687,687,0,14,48
688,688,0,2,3f
689,689,0,34,44
690,690,0,14,36
691,691,0,c5,8c
692,692,0,23,4c
693,693,0,84,48
694,694,0,14,46
695,695,0,54,43
696,696,0,74,e6
697,697,0,54,51
698,698,0,b2,45
699,699,0,54,3c
700,700,0,f4,40
701,701,0,e3,83
702,702,0,63,4e
703,703,0,d7,4d
704,704,0,84,3e
705,705,0,d4,3d
706,706,0,d3,c2
707,707,0,d3,49
708,708,0,60,43
709,709,0,94,35
710,710,0,84,35
711,711,0,f3,1
712,712,0,e3,4e
713,713,0,e2,4e
714,714,0,54,38
715,715,0,95,42
716,716,0,33,a4
717,717,0,74,45
718,718,0,1b,4a
719,719,0,94,3d
720,720,0,a4,41
721,721,0,a4,0e
722,722,0,b4,54
723,723,0,5d,47
724,724,0,34,4a
725,725,0,5,47
726,726,0,94,c5
727,727,0,33,4a
728,728,0,bf,45
729,729,0,b4,2f
730,730,0,d4,3c
731,731,0,c3,53
732,732,0,3,52
733,733,0,b4,4f
734,734,0,84,44
735,735,0,e4,3f
736,736,0,93,64
737,737,0,b3,4f
738,738,0,ec,40
739,739,0,e4,3e
740,740,0,e4,3d
741,741,0,13,8d
742,742,0,34,51
743,743,0,0b,4b
744,744,0,5,38
745,745,0,f5,4a
746,746,0,23,14
747,747,0,74,49
748,748,0,ad,4d
749,749,0,d4,44
750,750,0,74,39
751,751,0,74,f2
752,752,0,24,45
753,753,0,ee,43
754,754,0,84,44
755,755,0,14,45
756,756,0,b4,3c
757,757,0,b3,41
758,758,0,61,51
759,759,0,94,3f
760,760,0,14,33
761,761,0,e3,3a
762,762,0,a3,3d
763,763,0,3f,4b
764,764,0,34,34
765,765,0,4,3e
766,766,0,d4,5c
767,767,0,b3,55
768,768,0,63,49
769,769,0,64,37
770,770,0,64,32
771,771,0,a3,b4
772,772,0,63,46
773,773,0,16,47
774,774,0,a5,38
775,775,0,34,45
776,776,0,13,b2
777,777,0,74,4c
778,778,0,47,45
779,779,0,14,3e
780,780,0,b4,3f
781,781,0,e3,89
782,782,0,3,4b
783,783,0,59,3f
784,784,0,c5,49
785,785,0,4,43
786,786,0,b4,d4
787,787,0,93,4c
788,788,0,9d,49
789,789,0,24,3b
790,790,0,d5,41
791,791,0,b3,fb
792,792,0,c3,45
793,793,0,a8,4b
794,794,0,54,36
795,795,0,e4,3a
796,796,0,d3,50
797,797,0,a3,48
798,798,0,37,48
799,799,0,d4,3a
800,800,0,e4,46
801,801,0,d3,75
802,802,0,d3,44
803,803,0,76,48
804,804,0,74,3d
805,805,0,b4,40
806,806,0,43,3f
807,807,0,54,4c
808,808,0,7d,4e
809,809,0,a4,3e
810,810,0,74,37
811,811,0,e4,7
812,812,0,e3,49
813,813,0,bb,49
814,814,0,84,37
815,815,0,a4,39
816,816,0,a3,3
817,817,0,d3,4e
818,818,0,3e,43
819,819,0,e4,38
820,820,0,44,33
821,821,0,f4,75
822,822,0,c3,4c
823,823,0,f2,47
824,824,0,84,42
825,825,0,34,42
826,826,0,74,22
827,827,0,64,4b
828,828,0,1a,4e
829,829,0,85,38
830,830,0,4,3c
831,831,0,44,9a
832,832,0,f3,4a
833,833,0,ba,57
834,834,0,a4,3d
835,835,0,4,3e
836,836,0,24,ef
837,837,0,84,4d
838,838,0,56,4b
839,839,0,65,44
840,840,0,c4,36
841,841,0,53,44
842,842,0,d3,4c
843,843,0,de,44
844,844,0,c4,40
845,845,0,34,3c
846,846,0,c4,c0
847,847,0,93,50
848,848,0,d4,43
849,849,0,c4,35
850,850,0,14,3f
851,851,0,24,d9
852,852,0,34,50
853,853,0,38,4f
854,854,0,a5,3d
855,855,0,b4,3d
856,856,0,a3,c8
857,857,0,53,4c
858,858,0,a6,49
859,859,0,4,3c
860,860,0,14,3e
861,861,0,4,13
862,862,0,34,56
863,863,0,bb,49
864,864,0,54,37
865,865,0,5,3e
866,866,0,94,75
867,867,0,73,4b
868,868,0,2c,55
869,869,0,45,3c
870,870,0,15,3c
871,871,0,34,38
872,872,0,b4,4a
873,873,0,d8,4b
874,874,0,e4,3c
875,875,0,24,4a
876,876,0,f4,f7
877,877,0,c3,54
878,878,0,e4,4b
879,879,0,14,3d
880,880,0,b5,3c
881,881,0,f3,4a
882,882,0,53,4f
883,883,0,c8,4d
884,884,0,84,40
885,885,0,e4,3c
886,886,0,63,13
887,887,0,d3,47
888,888,0,16,51
889,889,0,85,44
890,890,0,14,42
891,891,0,b4,ed
892,892,0,d3,4b
893,893,0,84,52
894,894,0,74,3b
895,895,0,d4,3b
896,896,0,63,4a
897,897,0,33,4f
898,898,0,78,4f
899,899,0,44,41
900,900,0,d4,3f
901,901,0,33,1d
902,902,0,a4,4c
903,903,0,e2,43
904,904,0,54,41
905,905,0,74,40
906,906,0,24,b0
907,907,0,34,4b
908,908,0,d4,50
909,909,0,4,3a
910,910,0,15,40
911,911,0,14,5a
912,912,0,4,4d
913,913,0,95,45
914,914,0,94,42
915,915,0,95,46
916,916,0,a4,a6
917,917,0,3,4f
918,918,0,8a,4e
919,919,0,84,3e
920,920,0,44,41
921,921,0,94,bd
922,922,0,14,48
923,923,0,1c,50
924,924,0,f5,41
925,925,0,d4,3f
926,926,0,73,51
927,927,0,83,43
928,928,0,a9,51
929,929,0,a4,37
930,930,0,64,3b
931,931,0,54,81
932,932,0,74,58
933,933,0,d0,50
934,934,0,14,46
935,935,0,e4,42
936,936,0,73,bf
937,937,0,c3,51
938,938,0,3c,4f
939,939,0,25,43
940,940,0,15,3a
941,941,0,64,a5
942,942,0,c4,47
943,943,0,a8,51
944,944,0,e4,3c
945,945,0,54,3d
946,946,0,84,8d
947,947,0,c4,4a
948,948,0,43,50
949,949,0,a4,46
950,950,0,55,4e
951,951,0,44,b7
952,952,0,c4,50
953,953,0,1d,54
954,954,0,f5,40
955,955,0,14,3c
956,956,0,34,4d
957,957,0,4,52
958,958,0,be,56
959,959,0,54,3a
960,960,0,35,38
961,961,0,4,f5
962,962,0,c4,56
963,963,0,8,59
964,964,0,5,46
965,965,0,55,36
966,966,0,a4,82
967,967,0,14,4e
968,968,0,73,56
969,969,0,d5,3f
970,970,0,34,49
971,971,0,24,92
972,972,0,14,51
973,973,0,50,55
974,974,0,65,43
975,975,0,75,38
976,976,0,34,6d
977,977,0,b4,4b
978,978,0,6f,54
979,979,0,a5,39
980,980,0,25,3d
981,981,0,94,8f
982,982,0,a3,48
983,983,0,5a,48
984,984,0,85,42
985,985,0,e5,4b
986,986,0,74,34
987,987,0,54,54
988,988,0,e8,57
989,989,0,84,4b
990,990,0,b5,52
991,991,0,64,3
992,992,0,b4,54
993,993,0,be,52
994,994,0,d4,52
995,995,0,a4,4e
996,996,0,44,b6
997,997,0,c4,55
998,998,0,7a,53
999,999,0,d5,4e
1000,1000,0,b4,4a
1001,1001,0,74,34
1002,1002,0,94,5c
1003,1003,0,41,5a
1004,1004,0,55,41
1005,1005,0,85,43
1006,1006,0,84,91
1007,1007,0,54,57
1008,1008,0,5f,57
1009,1009,0,25,49
1010,1010,0,c5,43
1011,1011,0,a3,99
1012,1012,0,14,57
1013,1013,0,55,51
1014,1014,0,34,3d
1015,1015,0,d5,4a
1016,1016,0,a4,d4
1017,1017,0,23,5b
1018,1018,0,7d,55
1019,1019,0,75,46
1020,1020,0,d5,47
1021,1021,0,43,ce
1022,1022,0,34,5f
1023,1023,0,94,5d
1024,1024,1,14,43
1025,1025,0,35,3e
1026,1026,0,74,be
1027,1027,0,d3,4c
1028,1028,0,14,48
1029,1029,0,44,43
1030,1030,0,c4,46
1031,1031,0,53,69
1032,1032,0,44,4b
1033,1033,0,67,45
1034,1034,0,4,3b
1035,1035,0,24,3b
1036,1036,0,d3,bd
1037,1037,0,92,47
1038,1038,0,70,39
1039,1039,0,83,2e
1040,1040,0,a3,34
1041,1041,0,c3,cc
1042,1042,0,a3,46
1043,1043,0,a1,4c
1044,1044,0,84,40
1045,1045,0,4,3f
1046,1046,0,b4,ac
1047,1047,0,93,48
1048,1048,0,91,4d
1049,1049,0,54,3c
1050,1050,0,95,3e
1051,1051,0,f4,d3
1052,1052,0,24,50
1053,1053,0,2c,52
1054,1054,0,95,4c
1055,1055,0,95,4c
1056,1056,0,a4,1b
1057,1057,0,4,56
1058,1058,0,f0,56
1059,1059,0,5,48
1060,1060,0,e5,4c
1061,1061,0,e4,e2
1062,1062,0,74,57
1063,1063,0,65,5d
1064,1064,0,95,4e
1065,1065,0,35,52
1066,1066,0,35,dd
1067,1067,0,45,53
1068,1068,0,c4,53
1069,1069,0,c5,50
1070,1070,0,35,45
1071,1071,0,64,90
1072,1072,0,24,5b
1073,1073,0,16,5a
1074,1074,0,d5,4c
1075,1075,0,15,4e
1076,1076,0,75,77
1077,1077,0,55,5e
1078,1078,0,f6,51
1079,1079,0,a5,4e
1080,1080,0,e5,5b
1081,1081,0,34,61
1082,1082,0,35,5a
1083,1083,0,a9,5a
1084,1084,0,15,4a
1085,1085,0,16,5a
1086,1086,0,d5,e9
1087,1087,0,64,5a
1088,1088,0,49,5d
1089,1089,0,5,4a
1090,1090,0,96,50
1091,1091,0,45,68
1092,1092,0,44,63
1093,1093,0,ee,5a
1094,1094,0,f5,5a
1095,1095,0,85,58
1096,1096,0,b5,f7
1097,1097,0,35,5c
1098,1098,0,f9,62
1099,1099,0,a5,52
1100,1100,0,45,4d
1101,1101,0,55,10
1102,1102,0,15,63
1103,1103,0,23,61
1104,1104,0,76,53
1105,1105,0,85,5b
1106,1106,0,74,a5
1107,1107,0,25,5d
1108,1108,0,d5,59
1109,1109,0,75,5c
1110,1110,0,f5,61
1111,1111,0,c4,df
1112,1112,0,c5,67
1113,1113,0,1,5e
1114,1114,0,d6,50
1115,1115,0,e5,54
1116,1116,0,e5,28
1117,1117,0,24,61
1118,1118,0,19,59
1119,1119,0,16,58
1120,1120,0,86,61
1121,1121,0,f5,9b
1122,1122,0,d5,68
1123,1123,0,16,69
1124,1124,0,56,59
1125,1125,0,c6,52
1126,1126,0,c5,d6
1127,1127,0,56,64
1128,1128,0,9f,63
1129,1129,0,b6,5c
1130,1130,0,16,5a
1131,1131,0,96,39
1132,1132,0,85,67
1133,1133,0,4e,70
1134,1134,0,f6,59
1135,1135,0,26,5d
1136,1136,0,5,1e
1137,1137,0,26,66
1138,1138,0,39,61
1139,1139,0,56,64
1140,1140,0,76,5f
1141,1141,0,26,e4
1142,1142,0,6,6a
1143,1143,0,d3,6e
1144,1144,0,d6,66
1145,1145,0,26,69
1146,1146,0,a6,9f
1147,1147,0,d6,6c
1148,1148,0,83,68
1149,1149,0,c6,68
1150,1150,0,f6,6c
1151,1151,0,46,f2
1152,1152,0,47,6e
1153,1153,0,4b,73
1154,1154,0,f7,5e
1155,1155,0,86,6c
1156,1156,0,f6,0a
1157,1157,0,f5,72
1158,1158,0,45,75
1159,1159,0,b7,6a
1160,1160,0,77,64
1161,1161,0,96,9b
1162,1162,0,6,72
1163,1163,0,e2,74
1164,1164,0,76,70
1165,1165,0,d7,6a
1166,1166,0,a6,ba
1167,1167,0,a6,72
1168,1168,0,31,6a
1169,1169,0,f7,70
1170,1170,0,56,71
1171,1171,0,6,64
1172,1172,0,47,72
1173,1173,0,13,7c
1174,1174,0,a7,70
1175,1175,0,77,60
1176,1176,0,97,c0
1177,1177,0,e7,70
1178,1178,0,a8,7b
1179,1179,0,77,74
1180,1180,0,17,7a
1181,1181,0,38,6d
1182,1182,0,97,78
1183,1183,0,e4,7c
1184,1184,0,67,66
1185,1185,0,88,74
1186,1186,0,f6,11
1187,1187,0,16,71
1188,1188,0,e0,80
1189,1189,0,c7,76
1190,1190,0,37,78
1191,1191,0,97,e9
1192,1192,0,47,7d
1193,1193,0,38,7e
1194,1194,0,27,84
1195,1195,0,38,7d
1196,1196,0,37,7b
1197,1197,0,28,82
1198,1198,0,b9,7e
1199,1199,0,57,86
1200,1200,0,48,8f
1201,1201,0,69,2d
1202,1202,0,e8,85
1203,1203,0,69,80
1204,1204,0,b8,8a
1205,1205,0,98,86
1206,1206,0,8,19
1207,1207,0,29,87
1208,1208,0,5e,8c
1209,1209,0,b8,91
1210,1210,0,58,93
1211,1211,0,c9,0c
1212,1212,0,48,91
1213,1213,0,c4,8f
1214,1214,0,c8,94
1215,1215,0,48,94
1216,1216,0,79,0f
1217,1217,0,89,91
1218,1218,0,29,95
1219,1219,0,e9,99
1220,1220,0,a8,98
1221,1221,0,59,15
1222,1222,0,79,90
1223,1223,0,69,94
1224,1224,0,19,92
1225,1225,0,e9,95
1226,1226,0,f9,8a
1227,1227,0,28,93
1228,1228,0,e1,9e
1229,1229,0,19,9a
1230,1230,0,aa,9e
1231,1231,0,0a,9
1232,1232,0,ca,86
1233,1233,0,1b,97
1234,1234,0,2a,9e
1235,1235,0,ba,ae
1236,1236,0,4a,70
1237,1237,0,db,9e
1238,1238,0,c4,9b
1239,1239,0,9,a5
1240,1240,0,ea,b2
1241,1241,0,9a,7d
1242,1242,0,aa,ad
1243,1243,0,e8,93
1244,1244,0,69,a7
1245,1245,0,fa,bb
1246,1246,0,4b,68
1247,1247,0,cc,a1
1248,1248,0,df,ac
1249,1249,0,9a,ba
1250,1250,0,fa,c4
1251,1251,0,9b,18
1252,1252,0,8b,ad
1253,1253,0,d5,a8
1254,1254,0,da,bd
1255,1255,0,4a,cf
1256,1256,0,0b,9b
1257,1257,0,8c,ad
1258,1258,0,d8,ad
1259,1259,0,ca,cd
1260,1260,0,aa,bc
1261,1261,0,0c,a9
1262,1262,0,8c,ad
1263,1263,0,d8,ad
1264,1264,0,da,c5
1265,1265,0,1a,ca
1266,1266,0,5d,9a
1267,1267,0,bd,ad
1268,1268,0,d8,ad
1269,1269,0,da,d5
1270,1270,0,ca,d0
1271,1271,0,4d,9b
1272,1272,0,bd,ad
1273,1273,0,d9,ad
1274,1274,0,da,d5
1275,1275,0,fa,de
1276,1276,0,6d,8a
1277,1277,0,be,ad
1278,1278,0,da,ad
1279,1279,0,da,e4
1280,1280,0,aa,dc
1281,1281,0,4e,8b
1282,1282,0,ae,ad
1283,1283,0,d8,ad
1284,1284,0,da,ea
1285,1285,0,aa,ea
1286,1286,0,ae,aa
1287,1287,0,ae,ad
1288,1288,0,da,ad
1289,1289,0,da,ea
1290,1290,0,2a,ea
1291,1291,0,ae,aa
1292,1292,0,ae,ad
1293,1293,0,da,ad
1294,1294,0,da,ea
1295,1295,0,aa,ea
1296,1296,0,ae,aa
1297,1297,0,ae,ad
1298,1298,0,da,ad
1299,1299,0,da,ea
1300,1300,0,aa,ea
1301,1301,0,ae,aa
1302,1302,0,ae,ad
1303,1303,0,da,ad
1304,1304,0,da,ea
1305,1305,0,aa,ea
1306,1306,0,ae,aa
1307,1307,0,ae,ad
1308,1308,0,da,ad
1309,1309,0,da,ea
1310,1310,0,aa,ea
1311,1311,0,ae,aa
1312,1312,0,ae,ad
1313,1313,0,da,ad
1314,1314,0,da,ea
1315,1315,0,aa,ea
1316,1316,0,ae,aa
1317,1317,0,ae,ad
1318,1318,0,da,ad
1319,1319,0,da,ea
1320,1320,0,aa,ea
1321,1321,0,ae,aa
1322,1322,0,ae,ad
1323,1323,0,da,ad
1324,1324,0,da,ea
1325,1325,0,aa,ea
1326,1326,0,ae,aa
1327,1327,0,ae,ad
1328,1328,0,da,ad
1329,1329,0,da,ea
1330,1330,0,aa,ea
1331,1331,0,ae,aa
1332,1332,0,ae,ad
1333,1333,0,da,ad
1334,1334,0,da,ea
1335,1335,0,aa,ea
1336,1336,0,ae,aa
1337,1337,0,ae,ad
1338,1338,0,da,ad
1339,1339,0,da,ea
1340,1340,0,aa,ea
1341,1341,0,ae,aa
1342,1342,0,ae,ad
1343,1343,0,da,ad
1344,1344,0,da,ea
1345,1345,0,aa,ea
1346,1346,0,ae,aa
1347,1347,0,ae,ad
1348,1348,0,da,ad
1349,1349,0,da,ea
1350,1350,0,aa,ea
1351,1351,0,ae,aa
1352,1352,0,ae,ad
1353,1353,0,da,ad
1354,1354,0,da,ea
1355,1355,0,aa,ea
1356,1356,0,ae,aa
1357,1357,0,ae,ad
1358,1358,0,da,ad
1359,1359,0,da,ea
1360,1360,0,aa,ea
1361,1361,0,ae,aa
1362,1362,0,ae,ad
1363,1363,0,da,ad
1364,1364,0,da,ea
1365,1365,0,aa,ea
1366,1366,0,ae,aa
1367,1367,0,ae,ad
1368,1368,0,da,ad
1369,1369,0,da,ea
1370,1370,0,aa,ea
1371,1371,0,ae,aa
1372,1372,0,ae,ad
1373,1373,0,da,ad
1374,1374,0,da,ea
1375,1375,0,aa,ea
1376,1376,0,ae,aa
1377,1377,0,ae,ad
1378,1378,0,da,ad
1379,1379,0,da,ea
1380,1380,0,aa,ea
1381,1381,0,ae,aa
1382,1382,0,ae,ad
1383,1383,0,da,ad
1384,1384,0,da,ea
1385,1385,0,aa,ea
1386,1386,0,ae,aa
1387,1387,0,ae,ad
1388,1388,0,da,ad
1389,1389,0,da,ea
1390,1390,0,aa,ea
1391,1391,0,ae,aa
1392,1392,0,ae,ad
1393,1393,0,da,ad
1394,1394,0,da,ea
1395,1395,0,aa,ea
1396,1396,0,ae,aa
1397,1397,0,ae,ad
1398,1398,0,da,ad
1399,1399,0,da,ea
1400,1400,0,aa,ea
1401,1401,0,ae,aa
1402,1402,0,ae,ad
1403,1403,0,da,ad
1404,1404,0,da,ea
1405,1405,0,aa,ea
1406,1406,0,ae,aa
1407,1407,0,ae,ad
1408,1408,0,da,ad
1409,1409,0,da,ea
1410,1410,0,aa,ea
1411,1411,0,ae,aa
1412,1412,0,ae,ad
1413,1413,0,da,ad
1414,1414,0,da,ea
1415,1415,0,aa,ea
1416,1416,0,ae,aa
1417,1417,0,ae,ad
1418,1418,0,da,ad
1419,1419,0,da,ea
1420,1420,0,aa,ea
1421,1421,0,ae,aa
1422,1422,0,ae,ad
1423,1423,0,da,ad
1424,1424,0,da,ea
1425,1425,0,aa,ea
1426,1426,0,ae,aa
1427,1427,0,ae,ad
1428,1428,0,da,ad
1429,1429,0,da,ea
1430,1430,0,aa,ea
1431,1431,0,ae,aa
1432,1432,0,ae,ad
1433,1433,0,da,ad
1434,1434,0,da,ea
1435,1435,0,aa,ea
1436,1436,0,ae,aa
1437,1437,0,ae,ad
1438,1438,0,da,ad
1439,1439,0,da,ea
1440,1440,0,aa,ea
1441,1441,0,ae,aa
1442,1442,0,ae,ad
1443,1443,0,da,ad
1444,1444,0,da,ea
1445,1445,0,aa,ea
1446,1446,0,ae,aa
1447,1447,0,ae,ad
1448,1448,0,da,ad
1449,1449,0,da,ea
1450,1450,0,aa,ea
1451,1451,0,ae,aa
1452,1452,0,ae,ad
1453,1453,0,da,ad
1454,1454,0,da,ea
1455,1455,0,aa,ea
1456,1456,0,ae,aa
1457,1457,0,ae,ad
1458,1458,0,da,ad
1459,1459,0,da,ea
1460,1460,0,aa,ea
1461,1461,0,ae,aa
1462,1462,0,ae,ad
1463,1463,0,da,ad
1464,1464,0,da,ea
1465,1465,0,aa,ea
1466,1466,0,ae,aa
1467,1467,0,ae,ad
1468,1468,0,da,ad
1469,1469,0,da,ea
1470,1470,0,aa,ea
1471,1471,0,ae,aa
1472,1472,0,ae,ad
1473,1473,0,da,ad
1474,1474,0,da,ea
1475,1475,0,aa,ea
1476,1476,0,ae,aa
1477,1477,0,ae,ad
1478,1478,0,da,ad
1479,1479,0,da,ea
1480,1480,0,aa,ea
1481,1481,0,ae,aa
1482,1482,0,ae,ad
1483,1483,0,da,ad
1484,1484,0,da,ea
1485,1485,0,aa,ea
1486,1486,0,ae,aa
1487,1487,0,ae,ad
1488,1488,0,da,ad
1489,1489,0,da,ea
1490,1490,0,aa,ea
1491,1491,0,ae,aa
1492,1492,0,ae,ad
1493,1493,0,da,ad
1494,1494,0,da,ea
1495,1495,0,aa,ea
1496,1496,0,ae,aa
1497,1497,0,ae,ad
1498,1498,0,da,ad
1499,1499,0,da,ea
1500,1500,0,aa,ea
1501,1501,0,ae,aa
1502,1502,0,ae,ad
1503,1503,0,da,ad
1504,1504,0,da,ea
1505,1505,0,aa,ea
1506,1506,0,ae,aa
1507,1507,0,ae,ad
1508,1508,0,da,ad
1509,1509,0,da,ea
1510,1510,0,aa,ea
1511,1511,0,ae,aa
1512,1512,0,ae,ad
1513,1513,0,da,ad
1514,1514,0,da,ea
1515,1515,0,aa,ea
1516,1516,0,ae,aa
1517,1517,0,ae,ad
1518,1518,0,da,ad
1519,1519,0,da,ea
1520,1520,0,aa,ea
1521,1521,0,ae,aa
1522,1522,0,ae,ad
1523,1523,0,da,ad
1524,1524,0,da,ea
1525,1525,0,aa,ea
1526,1526,0,ae,aa
1527,1527,0,ae,ad
1528,1528,0,da,ad
1529,1529,0,da,ea
1530,1530,0,aa,ea
1531,1531,0,ae,aa
1532,1532,0,ae,ad
1533,1533,0,da,ad
1534,1534,0,da,ea
1535,1535,0,aa,ea
1536,1536,0,ae,aa
1537,1537,0,ae,ad
1538,1538,0,da,ad
1539,1539,0,da,ea
1540,1540,0,aa,ea
1541,1541,0,ae,aa
1542,1542,0,ae,ad
1543,1543,0,da,ad
1544,1544,0,da,ea
1545,1545,0,aa,ea
1546,1546,0,ae,aa
1547,1547,0,ae,ad
1548,1548,0,da,ad
1549,1549,0,da,ea
1550,1550,0,aa,ea
1551,1551,0,ae,aa
1552,1552,0,ae,ad
1553,1553,0,aa,ad
1554,1554,0,f7,7b
1555,1555,0,ff,ff
1556,1556,0,ff,ff
1557,1557,0,ff,ff
1558,1558,0,ff,ff
1559,1559,0,ff,fd
1560,1560,0,ff,ff
1561,1561,0,ff,ff
1562,1562,0,ff,ff
1563,1563,0,ff,ff
1564,1564,0,ff,ff
1565,1565,0,ff,ff
1566,1566,0,0f,ff
1567,1567,0,0,0
1568,1568,0,0,0
1569,1569,0,0,0
1570,1570,0,0,0
1571,1571,0,0,0
1572,1572,0,f0,0
1573,1573,0,ff,fe
1574,1574,0,3,3f
1575,1575,0,0,0
1576,1576,0,0,0
1577,1577,0,0,0
1578,1578,0,0,0
1579,1579,0,e0,0
1580,1580,0,8e,ee
1581,1581,0,3e,0
1582,1582,0,fc,c0
1583,1583,0,ff,ff
1584,1584,0,ff,ff
1585,1585,0,ff,ff
1586,1586,0,ff,df
1587,1587,0,ff,ff
1588,1588,0,ff,ff
1589,1589,0,ff,ff
1590,1590,0,ff,ff
1591,1591,0,ff,ff
1592,1592,0,ff,ff
1593,1593,0,ff,ff
1594,1594,0,ff,ff
1595,1595,0,ff,ff
1596,1596,0,ff,ff
1597,1597,0,ff,ff
1598,1598,0,ff,ff
1599,1599,0,ff,ff
1600,1600,0,ff,ff
1601,1601,0,ff,ff
1602,1602,0,ff,ff
1603,1603,0,ff,ff
1604,1604,0,ff,ff
1605,1605,0,ff,ff
1606,1606,0,ff,ff
1607,1607,0,ff,ff
1608,1608,0,ff,ff
1609,1609,0,ff,ff
1610,1610,0,ff,ff
1611,1611,0,ff,ff
1612,1612,0,ff,ff
1613,1613,0,ff,ff
1614,1614,0,ff,ff
1615,1615,0,ff,ff
1616,1616,0,ff,ff
1617,1617,0,ff,ff
1618,1618,0,ff,ff
1619,1619,0,ff,ff
1620,1620,0,ff,ff
1621,1621,0,ff,ff
1622,1622,0,ff,ff
1623,1623,0,ff,ff
1624,1624,0,ff,ff
1625,1625,0,ff,ff
1626,1626,0,ff,ff
1627,1627,0,ff,ff
1628,1628,0,ff,ff
1629,1629,0,ff,ff
1630,1630,0,ff,ff
1631,1631,0,ff,ff
1632,1632,0,ff,ff
1633,1633,0,ff,ff
1634,1634,0,ff,ff
1635,1635,0,ff,ff
1636,1636,0,ff,ff
1637,1637,0,ff,ff
1638,1638,0,ff,ff
1639,1639,0,ff,ff
1640,1640,0,ff,ff
1641,1641,0,ff,ff
1642,1642,0,ff,ff
1643,1643,0,ff,ff
1644,1644,0,ff,ff
1645,1645,0,ff,ff
1646,1646,0,ff,ff
1647,1647,0,ff,ff
1648,1648,0,ff,ff
1649,1649,0,ff,ff
1650,1650,0,ff,ff
1651,1651,0,ff,ff
1652,1652,0,ff,ff
1653,1653,0,ff,ff
1654,1654,0,ff,ff
1655,1655,0,ff,ff
1656,1656,0,ff,ff
1657,1657,0,ff,ff
1658,1658,0,ff,ff
1659,1659,0,ff,ff
1660,1660,0,ff,ff
1661,1661,0,ff,ff
1662,1662,0,ff,ff
1663,1663,0,ff,ff
1664,1664,0,ff,ff
1665,1665,0,ff,ff
1666,1666,0,ff,ff
1667,1667,0,ff,ff
1668,1668,0,ff,ff
1669,1669,0,ff,ff
1670,1670,0,ff,ff
1671,1671,0,ff,ff
1672,1672,0,ff,ff
1673,1673,0,ff,ff
1674,1674,0,ff,ff
1675,1675,0,ff,ff
1676,1676,0,ff,ff
1677,1677,0,ff,ff
1678,1678,0,ff,ff
1679,1679,0,ff,ff
1680,1680,0,ff,ff
1681,1681,0,ff,ff
1682,1682,0,ff,ff
1683,1683,0,ff,ff
1684,1684,0,ff,ff
1685,1685,0,ff,ff
1686,1686,0,ff,ff
1687,1687,0,ff,ff
1688,1688,0,ff,ff
1689,1689,0,ff,ff
1690,1690,0,ff,ff
1691,1691,0,ff,ff
1692,1692,0,ff,ff
1693,1693,0,ff,ff
1694,1694,0,ff,ff
1695,1695,0,ff,ff
1696,1696,0,ff,ff
1697,1697,0,ff,ff
1698,1698,0,ff,ff
1699,1699,0,ff,ff
1700,1700,0,ff,ff
1701,1701,0,ff,ff
1702,1702,0,ff,ff
1703,1703,0,ff,ff
1704,1704,0,ff,ff
1705,1705,0,ff,ff
1706,1706,0,ff,ff
1707,1707,0,ff,ff
1708,1708,0,ff,ff
1709,1709,0,ff,ff
1710,1710,0,ff,ff
1711,1711,0,ff,ff
1712,1712,0,ff,ff
1713,1713,0,ff,ff
1714,1714,0,ff,ff
1715,1715,0,ff,ff
1716,1716,0,ff,ff
1717,1717,0,ff,ff
1718,1718,0,ff,ff
1719,1719,0,ff,ff
1720,1720,0,ff,ff
1721,1721,0,ff,ff
1722,1722,0,ff,ff
1723,1723,0,ff,ff
1724,1724,0,ff,ff
1725,1725,0,ff,ff
1726,1726,0,ff,ff
1727,1727,0,ff,ff
1728,1728,0,ff,ff
1729,1729,0,ff,ff
1730,1730,0,ff,ff
1731,1731,0,ff,ff
1732,1732,0,ff,ff
1733,1733,0,ff,ff
1734,1734,0,ff,ff
1735,1735,0,ff,ff
1736,1736,0,ff,ff
1737,1737,0,ff,ff
1738,1738,0,ff,ff
1739,1739,0,ff,ff
1740,1740,0,ff,ff
1741,1741,0,ff,ff
1742,1742,0,ff,ff
1743,1743,0,ff,ff
1744,1744,0,ff,ff
1745,1745,0,ff,ff
1746,1746,0,ff,ff
1747,1747,0,ff,ff
1748,1748,0,ff,ff
1749,1749,0,ff,ff
1750,1750,0,ff,ff
1751,1751,0,ff,ff
1752,1752,0,ff,ff
1753,1753,0,ff,ff
1754,1754,0,ff,ff
1755,1755,0,ff,ff
1756,1756,0,ff,ff
1757,1757,0,ff,ff
1758,1758,0,ff,ff
1759,1759,0,ff,ff
1760,1760,0,ff,ff
1761,1761,0,ff,ff
1762,1762,0,ff,ff
1763,1763,0,ff,ff
1764,1764,0,ff,ff
1765,1765,0,ff,ff
1766,1766,0,ff,ff
1767,1767,0,ff,ff
1768,1768,0,ff,ff
1769,1769,0,ff,ff
1770,1770,0,ff,ff
1771,1771,0,ff,ff
1772,1772,0,ff,ff
1773,1773,0,ff,ff
1774,1774,0,ff,ff
1775,1775,0,ff,ff
1776,1776,0,ff,ff
1777,1777,0,ff,ff
1778,1778,0,ff,ff
1779,1779,0,ff,ff
1780,1780,0,ff,ff
1781,1781,0,ff,ff
1782,1782,0,ff,ff
1783,1783,0,ff,ff
1784,1784,0,ff,ff
1785,1785,0,ff,ff
1786,1786,0,ff,ff
1787,1787,0,ff,ff
1788,1788,0,ff,ff
1789,1789,0,ff,ff
1790,1790,0,ff,ff
1791,1791,0,ff,ff
1792,1792,0,ff,ff
1793,1793,0,ff,ff
1794,1794,0,ff,ff
1795,1795,0,ff,ff
1796,1796,0,ff,ff
1797,1797,0,ff,ff
1798,1798,0,ff,ff
1799,1799,0,ff,ff
1800,1800,0,ff,ff
1801,1801,0,ff,ff
1802,1802,0,ff,ff
1803,1803,0,ff,ff
1804,1804,0,ff,ff
1805,1805,0,ff,ff
1806,1806,0,ff,ff
1807,1807,0,ff,ff
1808,1808,0,ff,ff
1809,1809,0,ff,ff
1810,1810,0,ff,ff
1811,1811,0,ff,ff
1812,1812,0,ff,ff
1813,1813,0,ff,ff
1814,1814,0,ff,ff
1815,1815,0,ff,ff
1816,1816,0,ff,ff
1817,1817,0,ff,ff
1818,1818,0,ff,ff
1819,1819,0,ff,ff
1820,1820,0,ff,ff
1821,1821,0,ff,ff
1822,1822,0,ff,ff
1823,1823,0,ff,ff
1824,1824,0,ff,ff
1825,1825,0,ff,ff
1826,1826,0,ff,ff
1827,1827,0,ff,ff
1828,1828,0,ff,ff
1829,1829,0,ff,ff
1830,1830,0,ff,ff
1831,1831,0,ff,ff
1832,1832,0,ff,ff
1833,1833,0,ff,ff
1834,1834,0,ff,ff
1835,1835,0,ff,ff
1836,1836,0,ff,ff
1837,1837,0,ff,ff
1838,1838,0,ff,ff
1839,1839,0,ff,ff
1840,1840,0,ff,ff
1841,1841,0,ff,ff
1842,1842,0,ff,ff
1843,1843,0,ff,ff
1844,1844,0,ff,ff
1845,1845,0,ff,ff
1846,1846,0,ff,ff
1847,1847,0,ff,ff
1848,1848,0,ff,ff
1849,1849,0,ff,ff
1850,1850,0,ff,ff
1851,1851,0,ff,ff
1852,1852,0,ff,ff
1853,1853,0,ff,ff
1854,1854,0,ff,ff
1855,1855,0,ff,ff
1856,1856,0,ff,ff
1857,1857,0,ff,ff
1858,1858,0,ff,ff
1859,1859,0,ff,ff
1860,1860,0,ff,ff
1861,1861,0,ff,ff
1862,1862,0,ff,ff
1863,1863,0,ff,ff
1864,1864,0,ff,ff
1865,1865,0,ff,ff
1866,1866,0,ff,ff
1867,1867,0,ff,ff
1868,1868,0,ff,ff
1869,1869,0,ff,ff
1870,1870,0,ff,ff
1871,1871,0,ff,ff
1872,1872,0,ff,ff
1873,1873,0,7,7f
1874,1874,0,0,0
1875,1875,0,0,0
1876,1876,0,0,0
1877,1877,0,0,0
1878,1878,0,40,0
1879,1879,0,ff,f8
1880,1880,0,0f,ff
1881,1881,0,0,0
1882,1882,0,0,0
1883,1883,0,0,0
1884,1884,0,0,0
1885,1885,0,80,0
1886,1886,0,4b,b8
1887,1887,0,da,2
1888,1888,0,f2,0
1889,1889,0,ff,ff
1890,1890,0,ff,ff
1891,1891,0,ff,ff
1892,1892,0,f7,7f
1893,1893,0,ff,ff
1894,1894,0,ff,ff
1895,1895,0,ff,ff
1896,1896,0,ff,ff
1897,1897,0,ff,ff
1898,1898,0,ff,ff
1899,1899,0,ff,ff
1900,1900,0,7f,ff
1901,1901,0,0,7
1902,1902,0,0,0
1903,1903,0,0,0
1904,1904,0,0,0
1905,1905,0,0,0
1906,1906,0,fc,80
1907,1907,0,ff,ff
1908,1908,0,0,0f
1909,1909,0,0,0
1910,1910,0,0,0
1911,1911,0,0,0
1912,1912,0,0,0
1913,1913,0,b8,80
1914,1914,0,60,bb
1915,1915,0,1d,92
1916,1916,0,13,d0
1917,1917,0,11,40
1918,1918,0,14,91
1919,1919,0,0f,30
1920,1920,0,c9,41
1921,1921,0,12,e1
1922,1922,0,11,10
1923,1923,0,12,e1
1924,1924,0,12,85
1925,1925,0,59,e1
1926,1926,0,16,10
1927,1927,0,1d,e1
1928,1928,0,23,70
1929,1929,0,29,70
1930,1930,0,c9,e2
1931,1931,0,3a,12
1932,1932,0,39,83
1933,1933,0,3f,93
1934,1934,0,44,64
1935,1935,0,57,4
1936,1936,0,46,f4
1937,1937,0,4e,e3
1938,1938,0,40,d3
1939,1939,0,3a,92
1940,1940,0,ad,84
1941,1941,0,53,e4
1942,1942,0,4f,3
1943,1943,0,47,34
1944,1944,0,43,43
1945,1945,0,7c,f4
1946,1946,0,49,f4
1947,1947,0,51,d3
1948,1948,0,47,93
1949,1949,0,3d,3
1950,1950,0,f4,c4
1951,1951,0,49,3
1952,1952,0,3e,a4
1953,1953,0,49,d4
1954,1954,0,3a,54
1955,1955,0,52,d4
1956,1956,0,4a,54
1957,1957,0,47,74
1958,1958,0,40,b4
1959,1959,0,3d,d0
1960,1960,0,c7,54
1961,1961,0,45,b4
1962,1962,0,49,f4
1963,1963,0,40,3
1964,1964,0,42,41
1965,1965,0,53,54
1966,1966,0,3e,b4
1967,1967,0,4c,53
1968,1968,0,45,64
1969,1969,0,3c,e4
1970,1970,0,c2,14
1971,1971,0,54,a5
1972,1972,0,53,13
1973,1973,0,4c,d4
1974,1974,0,49,e2
1975,1975,0,24,a4
1976,1976,0,50,74
1977,1977,0,47,e4
1978,1978,0,41,13
1979,1979,0,3b,0f
1980,1980,0,6a,b4
1981,1981,0,52,64
1982,1982,0,45,b3
1983,1983,0,45,34
1984,1984,0,46,d2
1985,1985,0,c5,64
1986,1986,0,45,64
1987,1987,0,42,84
1988,1988,0,32,63
1989,1989,0,43,23
1990,1990,0,a8,14
1991,1991,0,44,a4
1992,1992,0,4c,43
1993,1993,0,3e,f4
1994,1994,0,41,67
1995,1995,0,f5,a4
1996,1996,0,42,14
1997,1997,0,4b,14
1998,1998,0,3a,44
1999,1999,0,48,7f
2000,2000,0,22,e4
2001,2001,0,50,64
2002,2002,0,44,c4
2003,2003,0,4e,43
2004,2004,0,46,3c
2005,2005,0,89,74
2006,2006,0,45,f4
2007,2007,0,48,63
2008,2008,0,4a,e4
2009,2009,0,47,8b
2010,2010,0,1c,34
2011,2011,0,46,b4
2012,2012,0,47,d3
2013,2013,0,3a,14
2014,2014,0,41,e2
2015,2015,0,cf,83
2016,2016,0,4f,64
2017,2017,0,5c,4
2018,2018,0,3d,25
2019,2019,0,41,28
2020,2020,0,bd,f5
2021,2021,0,4e,c4
2022,2022,0,49,3
2023,2023,0,42,94
2024,2024,0,40,9d
2025,2025,0,91,d4
2026,2026,0,4a,64
2027,2027,0,43,e4
2028,2028,0,42,e3
2029,2029,0,50,db
2030,2030,0,e5,54
2031,2031,0,46,15
2032,2032,0,51,84
2033,2033,0,44,74
2034,2034,0,36,52
2035,2035,0,7e,f4
2036,2036,0,4a,84
2037,2037,0,4a,14
2038,2038,0,42,14
2039,2039,0,45,ec
2040,2040,0,b8,4
2041,2041,0,50,f5
2042,2042,0,44,53
2043,2043,0,49,13
2044,2044,0,4b,92
2045,2045,0,ab,e4
2046,2046,0,4f,c4
2047,2047,0,4c,93
